,split0_test_rmse,split1_test_rmse,split2_test_rmse,split3_test_rmse,split4_test_rmse,mean_test_rmse,std_test_rmse,rank_test_rmse,mean_fit_time,std_fit_time,mean_test_time,std_test_time,params,param_n_factors,param_n_epochs,param_lr_all,param_reg_all
0,0.7116997779692201,0.7112663738140241,0.7144357044340837,0.7147063859833017,0.7129712328218374,0.7130158950044934,0.0013905827356028005,87,0.49486455917358396,0.11185465968979134,0.8925586700439453,0.025699355375782933,"{'n_factors': 4, 'n_epochs': 5, 'lr_all': 0.001, 'reg_all': 0.005}",4,5,0.001,0.005
1,0.7116541447881474,0.7112431850308684,0.7144280895258737,0.7147887140491486,0.7130196192493128,0.7130267505286702,0.0014236200119126135,88,0.44953341484069825,0.011509817785959114,0.915613842010498,0.033154889649250036,"{'n_factors': 4, 'n_epochs': 5, 'lr_all': 0.001, 'reg_all': 0.02}",4,5,0.001,0.02
2,0.7119839624698723,0.7113883758133059,0.7146780233367205,0.7151139041048458,0.7133330634144677,0.7132994658278424,0.001454410533010385,91,0.4469291687011719,0.010034730968867547,0.9483351707458496,0.05444319909707242,"{'n_factors': 4, 'n_epochs': 5, 'lr_all': 0.001, 'reg_all': 0.1}",4,5,0.001,0.1
3,0.6989398927514386,0.6986510083039972,0.7016935851495215,0.7020912438201398,0.7003998928798306,0.7003551245809855,0.0013938783536254454,55,0.44865074157714846,0.010015695066580373,0.924027395248413,0.03911634256890222,"{'n_factors': 4, 'n_epochs': 5, 'lr_all': 0.005, 'reg_all': 0.005}",4,5,0.005,0.005
4,0.6989336258224793,0.6984228611592876,0.7016917722995872,0.702121338519705,0.7005473369238061,0.7003433869449731,0.0014626480216698306,54,0.43875985145568847,0.0075737290314218594,0.9457386016845704,0.04640225683782562,"{'n_factors': 4, 'n_epochs': 5, 'lr_all': 0.005, 'reg_all': 0.02}",4,5,0.005,0.02
5,0.6994403965891423,0.6988514912264269,0.7021309746966599,0.7026971480025577,0.7008484012071641,0.7007936823443901,0.0014844537834003296,57,0.4459207534790039,0.015294682529988312,0.9067555427551269,0.030340726547855013,"{'n_factors': 4, 'n_epochs': 5, 'lr_all': 0.005, 'reg_all': 0.1}",4,5,0.005,0.1
6,0.6873547015560882,0.6870483722717234,0.690127793471932,0.6907567055870736,0.6889783691273658,0.6888531884028366,0.0014674120119207755,17,0.4438471794128418,0.010210211300466199,0.9182210445404053,0.027036403632186044,"{'n_factors': 4, 'n_epochs': 5, 'lr_all': 0.02, 'reg_all': 0.005}",4,5,0.02,0.005
7,0.6872696819383688,0.6867580002434226,0.6901117100533457,0.6906249092120564,0.6889014665073366,0.688733153590906,0.0015198991092819829,14,0.4422732353210449,0.012649958374703393,0.9371569156646729,0.04730214999774624,"{'n_factors': 4, 'n_epochs': 5, 'lr_all': 0.02, 'reg_all': 0.02}",4,5,0.02,0.02
8,0.6873910895143721,0.686767556813837,0.690177247017783,0.6908739957128309,0.6890063958471444,0.6888432569811934,0.001571455697112351,16,0.446828556060791,0.006924515968077656,0.9335593223571778,0.03151656092691153,"{'n_factors': 4, 'n_epochs': 5, 'lr_all': 0.02, 'reg_all': 0.1}",4,5,0.02,0.1
9,0.7007293304397176,0.7004624083982237,0.7035594155095023,0.7039453693114547,0.7022465640074788,0.7021886175332754,0.0014197139497093482,62,1.358532190322876,0.03480089109507624,0.9444390773773194,0.049015873580449114,"{'n_factors': 4, 'n_epochs': 20, 'lr_all': 0.001, 'reg_all': 0.005}",4,20,0.001,0.005
10,0.7009255975941242,0.700592184219578,0.7036695765167911,0.7040665719572998,0.7024444586582327,0.7023396777892051,0.0014010802759268665,63,1.357740545272827,0.03558680974831437,0.9264267444610595,0.05980849711004568,"{'n_factors': 4, 'n_epochs': 20, 'lr_all': 0.001, 'reg_all': 0.02}",4,20,0.001,0.02
11,0.7012878345393122,0.7008113757981009,0.7039529344350482,0.7044771356087837,0.7028463444352887,0.7026751249633068,0.0014357918506094503,66,1.3529350280761718,0.023638069764572115,0.9657223224639893,0.04213598566854194,"{'n_factors': 4, 'n_epochs': 20, 'lr_all': 0.001, 'reg_all': 0.1}",4,20,0.001,0.1
12,0.6867800170779711,0.6864121116194339,0.6894909762851792,0.6899524647418044,0.6881259399199162,0.6881523019288609,0.0014103019652464178,11,1.3753678798675537,0.017696033638021313,0.9458265781402588,0.044791970603287885,"{'n_factors': 4, 'n_epochs': 20, 'lr_all': 0.005, 'reg_all': 0.005}",4,20,0.005,0.005
13,0.6864741361073343,0.686080970838179,0.6893172619373809,0.68977709881012,0.6879742559203877,0.6879247447226804,0.0014748924509451692,9,1.3313562870025635,0.019653033898641325,0.7720786571502686,0.04022056485834966,"{'n_factors': 4, 'n_epochs': 20, 'lr_all': 0.005, 'reg_all': 0.02}",4,20,0.005,0.02
14,0.6866972175939318,0.6861218775378451,0.6894084149300069,0.6899707554755872,0.6882428593478034,0.6880882249770349,0.0014907822221898307,10,1.3407535552978516,0.01670765415868877,0.8034204006195068,0.04576738074121476,"{'n_factors': 4, 'n_epochs': 20, 'lr_all': 0.005, 'reg_all': 0.1}",4,20,0.005,0.1
15,0.6953730091695284,0.6943087348167514,0.697791225832404,0.6992011244906622,0.6967702114695048,0.6966888611557701,0.0017279907787407366,47,1.3560314178466797,0.018036387231111527,0.7814021110534668,0.054150490511437444,"{'n_factors': 4, 'n_epochs': 20, 'lr_all': 0.02, 'reg_all': 0.005}",4,20,0.02,0.005
16,0.6880753457942657,0.6871972795640725,0.6905088009011785,0.6916095290696433,0.689206329985292,0.6893194570628904,0.0015951938115903873,21,1.3422113895416259,0.0224041716304643,0.784688138961792,0.0558690750998694,"{'n_factors': 4, 'n_epochs': 20, 'lr_all': 0.02, 'reg_all': 0.02}",4,20,0.02,0.02
17,0.685024654710027,0.6840305321567186,0.6876671749808004,0.6886553755482501,0.6863219818353429,0.6863399438462278,0.0016844261306803077,7,1.3190930843353272,0.010501802210591533,0.7748987674713135,0.04394317788346131,"{'n_factors': 4, 'n_epochs': 20, 'lr_all': 0.02, 'reg_all': 0.1}",4,20,0.02,0.1
18,0.6921185397370798,0.6918219380903585,0.6949181225232346,0.6951562095533089,0.6937590994460006,0.6935547818699964,0.0013806196480211578,34,3.197274017333984,0.14416403819822987,0.7925997734069824,0.0453856608858721,"{'n_factors': 4, 'n_epochs': 50, 'lr_all': 0.001, 'reg_all': 0.005}",4,50,0.001,0.005
19,0.6921757368417188,0.6921622545083288,0.6951115950493466,0.6952427558868645,0.6934695843981002,0.6936323853368718,0.0013484041173841216,35,3.115212869644165,0.024565350964081665,0.8119207382202148,0.07507964343218108,"{'n_factors': 4, 'n_epochs': 50, 'lr_all': 0.001, 'reg_all': 0.02}",4,50,0.001,0.02
20,0.6928005662978345,0.6921512434479392,0.6953172520904507,0.6957469281130292,0.6940254337625757,0.6940082847423659,0.0013887949156059737,38,3.132746171951294,0.06623086996042554,0.8529457569122314,0.08936868487644913,"{'n_factors': 4, 'n_epochs': 50, 'lr_all': 0.001, 'reg_all': 0.1}",4,50,0.001,0.1
21,0.687911541516767,0.6875769566088128,0.6907570842937523,0.6918050405168734,0.6889268708829279,0.6893954987638267,0.0016363766917429081,22,3.1490060806274416,0.025982203672006966,0.8680970668792725,0.07482188980151275,"{'n_factors': 4, 'n_epochs': 50, 'lr_all': 0.005, 'reg_all': 0.005}",4,50,0.005,0.005
22,0.6835281276937908,0.6829046745590461,0.6862946632991026,0.6869177838135349,0.6848262204817531,0.6848942939694455,0.0015417636069954333,3,3.1771016120910645,0.06367031015179733,0.8555645942687988,0.044191382837781755,"{'n_factors': 4, 'n_epochs': 50, 'lr_all': 0.005, 'reg_all': 0.02}",4,50,0.005,0.02
23,0.6823111594065409,0.6815928585034916,0.6850789505131849,0.685797325086614,0.6837438519480933,0.6837048290915849,0.001591917517324601,1,3.172672700881958,0.06672542916640825,0.8387583255767822,0.081236043828388,"{'n_factors': 4, 'n_epochs': 50, 'lr_all': 0.005, 'reg_all': 0.1}",4,50,0.005,0.1
24,0.7134259146343744,0.7115794576807908,0.715808107274741,0.7160681186515625,0.713283208662402,0.7140329613807741,0.0016877987651709504,94,3.1549062728881836,0.06325758506123001,0.8074280738830566,0.07818100016765465,"{'n_factors': 4, 'n_epochs': 50, 'lr_all': 0.02, 'reg_all': 0.005}",4,50,0.02,0.005
25,0.7071474091653729,0.7055270436078368,0.710052278120896,0.7108844177327728,0.7084480542996884,0.7084118405853134,0.0019352945464908636,82,3.0943789005279543,0.01940124499102899,0.7860776424407959,0.03345359998827245,"{'n_factors': 4, 'n_epochs': 50, 'lr_all': 0.02, 'reg_all': 0.02}",4,50,0.02,0.02
26,0.7043700149940809,0.7029556027375066,0.706754237796391,0.7074966609841729,0.7048664391154081,0.7052885911255119,0.001642468989784776,76,3.16658673286438,0.04008131030710458,0.8256370544433593,0.0355302341656705,"{'n_factors': 4, 'n_epochs': 50, 'lr_all': 0.02, 'reg_all': 0.1}",4,50,0.02,0.1
27,0.7118039925803007,0.7113559937134766,0.7147043157723206,0.7149824602732724,0.7130821613892132,0.7131857847457167,0.0014698436678885819,89,0.5471109867095947,0.005987391063230226,0.7915881156921387,0.02997539643555239,"{'n_factors': 10, 'n_epochs': 5, 'lr_all': 0.001, 'reg_all': 0.005}",10,5,0.001,0.005
28,0.7118596366603774,0.7115245836695624,0.7146116425807394,0.7150522403541986,0.7132242361519332,0.7132544678833621,0.0014151237760316304,90,0.5501714706420898,0.009895515415470468,0.78688063621521,0.03813763423360393,"{'n_factors': 10, 'n_epochs': 5, 'lr_all': 0.001, 'reg_all': 0.02}",10,5,0.001,0.02
29,0.7121783049097272,0.7115181289242479,0.7148281449056362,0.7153395643389455,0.7135854283317808,0.7134899142820675,0.0014716960359653778,93,0.5504746913909913,0.009927258683670151,0.7817230701446534,0.04047201085272178,"{'n_factors': 10, 'n_epochs': 5, 'lr_all': 0.001, 'reg_all': 0.1}",10,5,0.001,0.1
30,0.6989443602937532,0.6987555232231522,0.7015961208434852,0.7021658212179723,0.7003823387501639,0.7003688328657053,0.001368756767179645,56,0.5541751384735107,0.018351993168744737,0.762510347366333,0.024268508445482333,"{'n_factors': 10, 'n_epochs': 5, 'lr_all': 0.005, 'reg_all': 0.005}",10,5,0.005,0.005
31,0.6988134505200376,0.6985804234229174,0.7015807323289551,0.7021141794806036,0.7004974081849573,0.7003172387874942,0.0014237822557974533,53,0.5500774383544922,0.017292518036513074,0.7856531143188477,0.042882224052157046,"{'n_factors': 10, 'n_epochs': 5, 'lr_all': 0.005, 'reg_all': 0.02}",10,5,0.005,0.02
32,0.6993168038283112,0.6989417327763925,0.7020440902863966,0.7027667862987734,0.701039603524932,0.7008218033429611,0.0014915810312640723,58,0.5464812278747558,0.007844607870304108,0.7566422462463379,0.005826316900159398,"{'n_factors': 10, 'n_epochs': 5, 'lr_all': 0.005, 'reg_all': 0.1}",10,5,0.005,0.1
33,0.6879375213659578,0.6874680775439345,0.6906268181518929,0.6910970634426147,0.6893695553462349,0.689299807170127,0.001428776336485621,20,0.5459630012512207,0.005786104994181492,0.7584447860717773,0.004758788206066921,"{'n_factors': 10, 'n_epochs': 5, 'lr_all': 0.02, 'reg_all': 0.005}",10,5,0.02,0.005
34,0.6874847784212105,0.6870152568561669,0.6902415951447737,0.6908708996234092,0.6890770405863608,0.6889379141263843,0.0015009055704909395,18,0.5555172920227051,0.028205608111422857,0.7621647834777832,0.007098060175350571,"{'n_factors': 10, 'n_epochs': 5, 'lr_all': 0.02, 'reg_all': 0.02}",10,5,0.02,0.02
35,0.6875545184748157,0.6869323378360835,0.6903557300250617,0.6908958786897603,0.6890513377082961,0.6889579605468035,0.001535630330063165,19,0.5433480739593506,0.00522392666354873,0.7758211135864258,0.03551405962005004,"{'n_factors': 10, 'n_epochs': 5, 'lr_all': 0.02, 'reg_all': 0.1}",10,5,0.02,0.1
36,0.7009308180550285,0.7005755881694802,0.7036706972345892,0.7042399947544644,0.7023569671772205,0.7023548130781565,0.0014476787494142422,64,1.5388874530792236,0.03284784606756603,0.8117488861083985,0.03762268360704716,"{'n_factors': 10, 'n_epochs': 20, 'lr_all': 0.001, 'reg_all': 0.005}",10,20,0.001,0.005
37,0.700986367943545,0.7006817209974332,0.7036139906995327,0.7042960801101678,0.7024896940528725,0.7024135707607102,0.0014161112752756604,65,1.5185059547424316,0.01770905010544016,0.7607505798339844,0.004691612175013549,"{'n_factors': 10, 'n_epochs': 20, 'lr_all': 0.001, 'reg_all': 0.02}",10,20,0.001,0.02
38,0.7013444243104199,0.70073459918833,0.7040950866771156,0.7046019793061571,0.7028755871916446,0.7027303353347334,0.0015026914265817567,68,1.5315628051757812,0.019101743674030232,0.8113848686218261,0.06252527310748686,"{'n_factors': 10, 'n_epochs': 20, 'lr_all': 0.001, 'reg_all': 0.1}",10,20,0.001,0.1
39,0.6871980720487858,0.6869331896420885,0.6901698710783608,0.6906547226053344,0.6888542172367821,0.6887620145222704,0.0015075424911774487,15,1.5303039073944091,0.031852479212585307,0.8638373374938965,0.017829658072023063,"{'n_factors': 10, 'n_epochs': 20, 'lr_all': 0.005, 'reg_all': 0.005}",10,20,0.005,0.005
40,0.6868172702171975,0.6863453556414679,0.6896411573080629,0.6902088329579612,0.6883529193536809,0.6882731070956741,0.0015139783802946916,13,1.5259551525115966,0.012382005623632978,0.854762077331543,0.04082917238639113,"{'n_factors': 10, 'n_epochs': 20, 'lr_all': 0.005, 'reg_all': 0.02}",10,20,0.005,0.02
41,0.6867844173387238,0.6862986102551178,0.6894667893750999,0.6900804764720339,0.6883394030407315,0.6881939392963414,0.001468288381940602,12,1.5448944091796875,0.030587270032968603,0.8718934059143066,0.05648423842791179,"{'n_factors': 10, 'n_epochs': 20, 'lr_all': 0.005, 'reg_all': 0.1}",10,20,0.005,0.1
42,0.6951421036530281,0.6943178913216879,0.6982916151550962,0.6985127068196668,0.6964526508364078,0.6965433935571774,0.0016648832582652046,46,1.5280202865600585,0.01715912043645473,0.8606445789337158,0.030429913263581437,"{'n_factors': 10, 'n_epochs': 20, 'lr_all': 0.02, 'reg_all': 0.005}",10,20,0.02,0.005
43,0.6884480967076703,0.68801630502064,0.6916335601377214,0.6923800259762978,0.6901780234271978,0.6901312022539055,0.0017100943924104378,23,1.5284525394439696,0.01673037179078085,0.8645449161529541,0.056539291192032146,"{'n_factors': 10, 'n_epochs': 20, 'lr_all': 0.02, 'reg_all': 0.02}",10,20,0.02,0.02
44,0.685042180327793,0.6839311320969811,0.6875683477218042,0.6886330496913925,0.6863252007204922,0.6862999821116926,0.0016879637052004484,6,1.5592864513397218,0.06285786533699353,0.8909880161285401,0.07159016522429998,"{'n_factors': 10, 'n_epochs': 20, 'lr_all': 0.02, 'reg_all': 0.1}",10,20,0.02,0.1
45,0.6923230710287238,0.6921062536593866,0.6949769260545992,0.6953941437702605,0.6937122254908492,0.6937025240007639,0.0013369174741256302,37,3.4649344444274903,0.025423427454739456,0.8774620056152344,0.05616552635048086,"{'n_factors': 10, 'n_epochs': 50, 'lr_all': 0.001, 'reg_all': 0.005}",10,50,0.001,0.005
46,0.6923601873499017,0.692060810847777,0.6948124396595295,0.6955003527696939,0.6936963069189673,0.6936860195091739,0.0013386461424735416,36,3.5149919509887697,0.07869171824919716,0.8935688972473145,0.0649495738598157,"{'n_factors': 10, 'n_epochs': 50, 'lr_all': 0.001, 'reg_all': 0.02}",10,50,0.001,0.02
47,0.6925873435080162,0.6922816317032711,0.6954107818881503,0.6957691385548461,0.6941259186911656,0.6940349628690898,0.0014197385840663012,39,3.501299810409546,0.019083203421640778,0.889310646057129,0.06245885828362028,"{'n_factors': 10, 'n_epochs': 50, 'lr_all': 0.001, 'reg_all': 0.1}",10,50,0.001,0.1
48,0.6904699549315062,0.6897295191832765,0.6929696597670608,0.6943496411833657,0.6919617782869996,0.6918961106704418,0.0016676133089251028,29,3.567567253112793,0.0818954008551788,0.9188665866851806,0.11235307098405023,"{'n_factors': 10, 'n_epochs': 50, 'lr_all': 0.005, 'reg_all': 0.005}",10,50,0.005,0.005
49,0.6844647162821673,0.6838866460618213,0.6874185556163089,0.6879013909725928,0.6858925235010206,0.6859127664867823,0.0015763534754723114,5,3.5117546558380126,0.07361634280731225,0.8837526321411133,0.0732760855866464,"{'n_factors': 10, 'n_epochs': 50, 'lr_all': 0.005, 'reg_all': 0.02}",10,50,0.005,0.02
50,0.6824572067551672,0.6816825003754053,0.6851658914683464,0.6859823214903467,0.6837534259013159,0.6838082691981163,0.0016072904029787683,2,3.544556760787964,0.04175283762587992,0.8952350616455078,0.07191588369350792,"{'n_factors': 10, 'n_epochs': 50, 'lr_all': 0.005, 'reg_all': 0.1}",10,50,0.005,0.1
51,0.7069667773118788,0.7062548458857375,0.7093183296888022,0.7106345618328491,0.707802555941688,0.7081954141321911,0.0015899730794023412,81,3.6296410083770754,0.31780653885607535,0.8544497013092041,0.08078912565208018,"{'n_factors': 10, 'n_epochs': 50, 'lr_all': 0.02, 'reg_all': 0.005}",10,50,0.02,0.005
52,0.7030164271750142,0.7015512870387919,0.7053317072191052,0.7062464670439103,0.7033351914712506,0.7038962159896144,0.0016835547951326295,72,3.563042688369751,0.03810575197226462,0.8349414348602295,0.05316134988153128,"{'n_factors': 10, 'n_epochs': 50, 'lr_all': 0.02, 'reg_all': 0.02}",10,50,0.02,0.02
53,0.7027777267752034,0.7015320810794512,0.7051318670438697,0.7059938778247948,0.7033443564060946,0.7037559818258827,0.0016108005211940884,71,3.516920471191406,0.06942913672465087,0.7888246059417725,0.03104381762616492,"{'n_factors': 10, 'n_epochs': 50, 'lr_all': 0.02, 'reg_all': 0.1}",10,50,0.02,0.1
54,0.7147479357007656,0.7142710173582627,0.7174566812073223,0.7180237285415603,0.7162132125975846,0.7161425150810992,0.001464127740643099,101,2.145618200302124,0.019533532146563087,0.8452419757843017,0.06584502646077363,"{'n_factors': 100, 'n_epochs': 5, 'lr_all': 0.001, 'reg_all': 0.005}",100,5,0.001,0.005
55,0.7145120763478184,0.7141438740021309,0.7172873954877873,0.7179486966875899,0.7159129847983046,0.7159610054647262,0.0014908987365549594,99,2.151342582702637,0.018443065169654608,0.7932840347290039,0.019174511173439702,"{'n_factors': 100, 'n_epochs': 5, 'lr_all': 0.001, 'reg_all': 0.02}",100,5,0.001,0.02
56,0.7143919591941086,0.713599221241947,0.7174455302738707,0.717707004905818,0.715763802633593,0.7157815036498674,0.0016229629275177676,98,2.160084342956543,0.03212314411404442,0.7873355388641358,0.019640990974888674,"{'n_factors': 100, 'n_epochs': 5, 'lr_all': 0.001, 'reg_all': 0.1}",100,5,0.001,0.1
57,0.7018624887777837,0.7016350257766102,0.7046223391774457,0.704950417976158,0.7034269045936142,0.7032994352603223,0.0013658068132799247,70,2.1686126232147216,0.05284208973060649,0.7776562690734863,0.005492640802757019,"{'n_factors': 100, 'n_epochs': 5, 'lr_all': 0.005, 'reg_all': 0.005}",100,5,0.005,0.005
58,0.7014597567619427,0.7011184007329478,0.7040486902192471,0.7042980481957887,0.7032218133199812,0.7028293418459814,0.001311565892354879,69,2.1415566921234133,0.020843478675864877,0.8291365623474121,0.05217456752201188,"{'n_factors': 100, 'n_epochs': 5, 'lr_all': 0.005, 'reg_all': 0.02}",100,5,0.005,0.02
59,0.7015355990305511,0.7008849509686462,0.7038381523351955,0.7042881200595076,0.7028668141449178,0.7026827273077637,0.0013033866575082387,67,2.164679479598999,0.04382013814270727,0.8228757858276368,0.06604509179209676,"{'n_factors': 100, 'n_epochs': 5, 'lr_all': 0.005, 'reg_all': 0.1}",100,5,0.005,0.1
60,0.6943254131279873,0.694444110113421,0.6974632512444088,0.6974440266302558,0.695789299017296,0.6958932200266738,0.0013739531822316597,44,2.159550666809082,0.02070028927966808,0.8561925411224365,0.0740438979537498,"{'n_factors': 100, 'n_epochs': 5, 'lr_all': 0.02, 'reg_all': 0.005}",100,5,0.02,0.005
61,0.6919259631475593,0.690996259301899,0.6941743950778363,0.6947779959355066,0.6928454382006934,0.6929440103326989,0.0013940746340661667,32,2.136633110046387,0.014349428593484473,0.7937955379486084,0.02085997230430276,"{'n_factors': 100, 'n_epochs': 5, 'lr_all': 0.02, 'reg_all': 0.02}",100,5,0.02,0.02
62,0.6895696449163164,0.6894506373615721,0.692516770989488,0.6932222862813758,0.691087917431421,0.6911694513960347,0.001519852058483104,26,2.1299312114715576,0.006132266367819687,0.7953861236572266,0.012190026912427161,"{'n_factors': 100, 'n_epochs': 5, 'lr_all': 0.02, 'reg_all': 0.1}",100,5,0.02,0.1
63,0.7039998013100789,0.703620259876024,0.706627894304398,0.7073638121068057,0.7053518311958065,0.7053927197586226,0.0014487490409233375,77,4.416038274765015,0.03777839438147834,0.8177876472473145,0.031175439270116095,"{'n_factors': 100, 'n_epochs': 20, 'lr_all': 0.001, 'reg_all': 0.005}",100,20,0.001,0.005
64,0.7034560058417462,0.7030640172288504,0.7061488652490688,0.7067824179949537,0.7048696734255443,0.7048641959480326,0.0014528333582017215,74,4.445946121215821,0.0731233428907116,0.8359682559967041,0.05025781975563014,"{'n_factors': 100, 'n_epochs': 20, 'lr_all': 0.001, 'reg_all': 0.02}",100,20,0.001,0.02
65,0.7034084460550714,0.7025077037614194,0.7057905326997925,0.7062430530925862,0.7048033967472148,0.7045506264712168,0.0014102253322104985,73,4.410597324371338,0.07050130167564399,0.8036413669586182,0.017802322921193946,"{'n_factors': 100, 'n_epochs': 20, 'lr_all': 0.001, 'reg_all': 0.1}",100,20,0.001,0.1
66,0.6943449852855896,0.6941203553282933,0.6969189991467071,0.6973324246708836,0.6961592189228434,0.6957751966708633,0.0013164133631542044,43,4.448288059234619,0.11149652992903437,0.8286308288574219,0.06021727041937585,"{'n_factors': 100, 'n_epochs': 20, 'lr_all': 0.005, 'reg_all': 0.005}",100,20,0.005,0.005
67,0.6911123265087583,0.6911479601082436,0.6943023458169324,0.6941169638426984,0.6930142292457078,0.6927387651044681,0.001385356267621145,30,4.468165922164917,0.05754569609047499,0.8781901836395264,0.05990663286640291,"{'n_factors': 100, 'n_epochs': 20, 'lr_all': 0.005, 'reg_all': 0.02}",100,20,0.005,0.02
68,0.6891658967436977,0.688747973410278,0.6920328194136706,0.6924740456228894,0.690717567396311,0.6906276605173693,0.0014873916551605287,24,4.517647171020508,0.08341175819959543,0.8365841865539551,0.05514125960193649,"{'n_factors': 100, 'n_epochs': 20, 'lr_all': 0.005, 'reg_all': 0.1}",100,20,0.005,0.1
69,0.6967598498173249,0.6961122084309982,0.6992894121551329,0.6995607277076592,0.6975836776215801,0.697861175146539,0.0013621414603427855,50,4.484471940994263,0.14166530351777573,0.8434136867523193,0.0678919412830232,"{'n_factors': 100, 'n_epochs': 20, 'lr_all': 0.02, 'reg_all': 0.005}",100,20,0.02,0.005
70,0.6901960922496807,0.6900391332601742,0.693157499695582,0.6934878740480003,0.6918783513448329,0.691751790119654,0.0014394036225325773,28,4.421051740646362,0.03295014654452013,0.8177868366241455,0.0387849379863586,"{'n_factors': 100, 'n_epochs': 20, 'lr_all': 0.02, 'reg_all': 0.02}",100,20,0.02,0.02
71,0.684986147280151,0.6843403466558586,0.6880402923619494,0.688558805876087,0.6866585745517417,0.6865168333451575,0.0016486821343642596,8,4.487810039520264,0.1426876183336131,0.8382716178894043,0.05171546098842394,"{'n_factors': 100, 'n_epochs': 20, 'lr_all': 0.02, 'reg_all': 0.1}",100,20,0.02,0.1
72,0.696790463149769,0.6965778940613203,0.6991602758209595,0.6993742650503096,0.6978147172941327,0.6979435230752982,0.0011609126210077373,51,9.351033210754395,0.16694081864682933,0.9395349979400635,0.042579999176598694,"{'n_factors': 100, 'n_epochs': 50, 'lr_all': 0.001, 'reg_all': 0.005}",100,50,0.001,0.005
73,0.6953649027325225,0.6957239160886706,0.6986060960164847,0.6989432843687483,0.697046814036106,0.6971370026485064,0.0014536969904587037,49,9.716860914230347,0.13588672306043992,0.9383063793182373,0.059146921693745816,"{'n_factors': 100, 'n_epochs': 50, 'lr_all': 0.001, 'reg_all': 0.02}",100,50,0.001,0.02
74,0.6947984187348124,0.6944930443290127,0.6973505563677073,0.6976911798775015,0.6962527534317442,0.6961171905481557,0.0012956867666195123,45,9.760571241378784,0.20941739144261293,0.8835442543029786,0.021656793129268537,"{'n_factors': 100, 'n_epochs': 50, 'lr_all': 0.001, 'reg_all': 0.1}",100,50,0.001,0.1
75,0.6974566562888744,0.6970764966577688,0.7002017024643553,0.69987299010013,0.698874293364754,0.6986964277751765,0.0012524373937032964,52,9.819351530075073,0.16100317528728136,0.9282817363739013,0.022875483900871806,"{'n_factors': 100, 'n_epochs': 50, 'lr_all': 0.005, 'reg_all': 0.005}",100,50,0.005,0.005
76,0.6904068173883114,0.6896845663384705,0.6927885574558722,0.6934907894654091,0.6909953753559086,0.6914732212007945,0.0014398285401790091,27,9.69939980506897,0.08578359361386019,0.8851433277130127,0.038329929123598075,"{'n_factors': 100, 'n_epochs': 50, 'lr_all': 0.005, 'reg_all': 0.02}",100,50,0.005,0.02
77,0.684262046298313,0.6832661900955624,0.6869710077464695,0.6876666269546403,0.685550604542915,0.68554329512758,0.0016354669478062705,4,9.732403182983399,0.21226943264907086,0.9032076835632324,0.0511665587806274,"{'n_factors': 100, 'n_epochs': 50, 'lr_all': 0.005, 'reg_all': 0.1}",100,50,0.005,0.1
78,0.6941035012311435,0.6934405509574315,0.6957751461944323,0.6974484575632367,0.6948767726855685,0.6951288857263626,0.001397391479819802,42,9.598755311965942,0.27458232764990814,0.8939418792724609,0.05185419049458164,"{'n_factors': 100, 'n_epochs': 50, 'lr_all': 0.02, 'reg_all': 0.005}",100,50,0.02,0.005
79,0.6893048692667639,0.6887607168295301,0.6920433939290235,0.6926408215325355,0.6911253604072084,0.6907750323930124,0.0015120507017817105,25,9.698278045654297,0.14711161223859456,0.8674212455749511,0.06188061360989085,"{'n_factors': 100, 'n_epochs': 50, 'lr_all': 0.02, 'reg_all': 0.02}",100,50,0.02,0.02
80,0.6940133061630361,0.6929176832038314,0.6963280888891277,0.6969122786989932,0.6947771789231072,0.6949897071756191,0.0014682886234453215,41,9.62942795753479,0.26378535024292243,0.8569717407226562,0.06106434567731746,"{'n_factors': 100, 'n_epochs': 50, 'lr_all': 0.02, 'reg_all': 0.1}",100,50,0.02,0.1
81,0.7286278087086423,0.7282626081992087,0.7307837650296579,0.7316541770713251,0.7302597407033424,0.7299176199424353,0.0012872887382477862,108,9.385261058807373,0.04005802471461525,0.8406006813049316,0.04499349392634009,"{'n_factors': 500, 'n_epochs': 5, 'lr_all': 0.001, 'reg_all': 0.005}",500,5,0.001,0.005
82,0.7284939344314934,0.7271812563624781,0.7308805989738445,0.7311392914039445,0.7288582424204231,0.7293106647184366,0.0014976437069631032,107,9.613211107254028,0.32953294119539017,0.9213844299316406,0.1015923994384112,"{'n_factors': 500, 'n_epochs': 5, 'lr_all': 0.001, 'reg_all': 0.02}",500,5,0.001,0.02
83,0.7263261797190048,0.7254601321798945,0.7285513172665791,0.729069205992154,0.7268579729036282,0.7272529616122522,0.0013574718548660318,106,9.432559633255005,0.07781151396990096,0.8644226551055908,0.0675483806733678,"{'n_factors': 500, 'n_epochs': 5, 'lr_all': 0.001, 'reg_all': 0.1}",500,5,0.001,0.1
84,0.7160175174952317,0.7171950879511235,0.7195818208622461,0.7202738058477411,0.7172616834565364,0.7180659831225757,0.0015983624756372113,104,9.449566650390626,0.14341757986040543,0.8987059116363525,0.04484612060159962,"{'n_factors': 500, 'n_epochs': 5, 'lr_all': 0.005, 'reg_all': 0.005}",500,5,0.005,0.005
85,0.7147623102557512,0.7137645214834049,0.7171065624987051,0.717420396420014,0.7155709988797692,0.7157249579075289,0.0013839832262502912,97,9.390002346038818,0.0834237594231798,0.8877177238464355,0.05933718176462617,"{'n_factors': 500, 'n_epochs': 5, 'lr_all': 0.005, 'reg_all': 0.02}",500,5,0.005,0.02
86,0.7112038669014357,0.710905325200616,0.7138457874783087,0.7146598358108026,0.7121680083519544,0.7125565647486234,0.0014692313631161165,86,9.351146984100343,0.07409508302505231,0.8554832458496093,0.023410280065912795,"{'n_factors': 500, 'n_epochs': 5, 'lr_all': 0.005, 'reg_all': 0.1}",500,5,0.005,0.1
87,0.7144707164765989,0.7141867740725821,0.717301463841761,0.7186537805464753,0.7163602197780831,0.7161945909431001,0.0016913477343176943,102,9.339369535446167,0.02408982666823948,0.9234228134155273,0.048581677109637476,"{'n_factors': 500, 'n_epochs': 5, 'lr_all': 0.02, 'reg_all': 0.005}",500,5,0.02,0.005
88,0.7074440438649682,0.7063316082216916,0.7098909299316056,0.7106009708499771,0.7078745505703858,0.7084284206877257,0.001583117168734709,83,9.346230697631835,0.04760320773070018,0.87728910446167,0.04739544220950501,"{'n_factors': 500, 'n_epochs': 5, 'lr_all': 0.02, 'reg_all': 0.02}",500,5,0.02,0.02
89,0.6996371254193114,0.6995706412390138,0.7026457447552125,0.7034722229548291,0.7009541070452039,0.7012559682827142,0.0015745071027156552,60,9.408898544311523,0.07297146436438912,0.8993553161621094,0.036905997398414325,"{'n_factors': 500, 'n_epochs': 5, 'lr_all': 0.02, 'reg_all': 0.1}",500,5,0.02,0.1
90,0.7183879177473915,0.7184494315720971,0.7219421214490882,0.7212209803201907,0.7205271503899406,0.7201055202957416,0.001448303502283519,105,19.546389627456666,0.37215752299046095,1.4852187156677246,0.12903758837726106,"{'n_factors': 500, 'n_epochs': 20, 'lr_all': 0.001, 'reg_all': 0.005}",500,20,0.001,0.005
91,0.7158628898976426,0.7158779549536959,0.7191232783633273,0.7192649076095111,0.7183076677529616,0.7176873397154278,0.0015190745530571446,103,20.75726752281189,0.3826985716232417,1.589252519607544,0.19384434434247405,"{'n_factors': 500, 'n_epochs': 20, 'lr_all': 0.001, 'reg_all': 0.02}",500,20,0.001,0.02
92,0.7133322577363073,0.7127638411979255,0.7164373602351488,0.7165392849898923,0.7151787689449208,0.7148503026208389,0.0015580170076688355,95,21.928561305999757,0.35849274531062525,1.296220636367798,0.22453892540187334,"{'n_factors': 500, 'n_epochs': 20, 'lr_all': 0.001, 'reg_all': 0.1}",500,20,0.001,0.1
93,0.7144949948821371,0.7142498408930665,0.7178433649029768,0.717828468516385,0.7155019117176531,0.7159837161824438,0.0015694683627747413,100,22.163906002044676,0.8409185195517682,1.1858419895172119,0.2879444628753201,"{'n_factors': 500, 'n_epochs': 20, 'lr_all': 0.005, 'reg_all': 0.005}",500,20,0.005,0.005
94,0.7067437089132959,0.7066631062024946,0.7090698715818602,0.7098043109574399,0.708626956827445,0.7081815908965071,0.0012644298436970713,80,20.371375226974486,0.6011661477337097,1.1083308219909669,0.11241631013068767,"{'n_factors': 500, 'n_epochs': 20, 'lr_all': 0.005, 'reg_all': 0.02}",500,20,0.005,0.02
95,0.6996851642048613,0.699345701394229,0.7023109222100093,0.7021090337509126,0.7008301103804854,0.7008561863880997,0.001211562681380744,59,19.49288215637207,0.7058666383832412,1.1820684909820556,0.2131393779068117,"{'n_factors': 500, 'n_epochs': 20, 'lr_all': 0.005, 'reg_all': 0.1}",500,20,0.005,0.1
96,0.7096135027794637,0.7082723346389873,0.712448780197965,0.7117042981320895,0.7101846467670921,0.7104447125031196,0.001488664680749693,84,20.41991662979126,0.9419239790418709,1.2744013309478759,0.1967294706917282,"{'n_factors': 500, 'n_epochs': 20, 'lr_all': 0.02, 'reg_all': 0.005}",500,20,0.02,0.005
97,0.700500190342868,0.700578448975151,0.7030043628481927,0.7036832136176338,0.7025715809037282,0.7020675593375147,0.0012973875709573132,61,20.566617584228517,0.5187985164123056,1.4050933837890625,0.08423799402380026,"{'n_factors': 500, 'n_epochs': 20, 'lr_all': 0.02, 'reg_all': 0.02}",500,20,0.02,0.02
98,0.6915976379728188,0.6910945599111719,0.6940117325709464,0.6944293205883479,0.6926572909468672,0.6927581083980303,0.0013029791315569419,31,20.789295196533203,0.24722453902377733,1.2806341171264648,0.126367592561515,"{'n_factors': 500, 'n_epochs': 20, 'lr_all': 0.02, 'reg_all': 0.1}",500,20,0.02,0.1
99,0.7145087517499698,0.7137615158320015,0.7163115213214094,0.7165954631274472,0.7168492107902997,0.7156052925642256,0.0012351877388092067,96,54.00187258720398,4.131410583083116,2.1791858673095703,0.30460697014948135,"{'n_factors': 500, 'n_epochs': 50, 'lr_all': 0.001, 'reg_all': 0.005}",500,50,0.001,0.005
100,0.7094320155447301,0.7091584813035152,0.712419040049519,0.7132030957620563,0.7110053398912088,0.7110435945102058,0.0015942144189686582,85,61.583386754989625,2.6767255235991465,2.2441168785095216,0.34217143867851824,"{'n_factors': 500, 'n_epochs': 50, 'lr_all': 0.001, 'reg_all': 0.02}",500,50,0.001,0.02
101,0.7048661967813933,0.7047010430921209,0.7079827982058666,0.7081270801928429,0.7066388575479199,0.7064631951640287,0.0014672523863097622,79,65.0897270679474,5.952176405995202,2.157385540008545,0.23565647740722723,"{'n_factors': 500, 'n_epochs': 50, 'lr_all': 0.001, 'reg_all': 0.1}",500,50,0.001,0.1
102,0.7114836560782565,0.7118027104191685,0.7139275245197383,0.7162229189234393,0.7138158792829806,0.7134505378447166,0.0017106166495122227,92,69.70682997703553,5.869061864938311,1.8954151153564454,0.1386954544380748,"{'n_factors': 500, 'n_epochs': 50, 'lr_all': 0.005, 'reg_all': 0.005}",500,50,0.005,0.005
103,0.7043965426792369,0.7031049031143483,0.7061182800301337,0.7070323725085104,0.7046668018702652,0.705063780040499,0.0013731221874955296,75,68.92633438110352,4.5152078286642565,1.8367678642272949,0.19229377417324217,"{'n_factors': 500, 'n_epochs': 50, 'lr_all': 0.005, 'reg_all': 0.02}",500,50,0.005,0.02
104,0.6927904955910503,0.692563225017457,0.6956412434803764,0.696302357757117,0.6946031908758279,0.6943801025443658,0.0014942024080344927,40,67.29647483825684,1.976853932266291,1.543222999572754,0.20464553885178793,"{'n_factors': 500, 'n_epochs': 50, 'lr_all': 0.005, 'reg_all': 0.1}",500,50,0.005,0.1
105,0.7037974893389575,0.7038382775231542,0.7067831094883685,0.7069351377775662,0.7060218440627724,0.7054751716381638,0.0013881709929868503,78,64.58526349067688,1.8965704638709355,1.047696876525879,0.13072211614159152,"{'n_factors': 500, 'n_epochs': 50, 'lr_all': 0.02, 'reg_all': 0.005}",500,50,0.02,0.005
106,0.6954343198997669,0.6949585671541334,0.6979982823664942,0.6983218081530868,0.6970318668068598,0.6967489688760683,0.001345249351216046,48,56.90442152023316,2.6517988014840133,0.9102080345153809,0.03761314152980428,"{'n_factors': 500, 'n_epochs': 50, 'lr_all': 0.02, 'reg_all': 0.02}",500,50,0.02,0.02
107,0.6918467920781028,0.6915742298774742,0.694706035048431,0.6951108494199748,0.6931982227225988,0.6932872258293163,0.001439148962152197,33,49.92239308357239,1.886517116719985,0.8250562191009522,0.02859073814148126,"{'n_factors': 500, 'n_epochs': 50, 'lr_all': 0.02, 'reg_all': 0.1}",500,50,0.02,0.1
